"ss","latit","longit","cluster","random","best"
"AM:401:CT",54.659588,-110.70787,1,2014,"2014"
"AM:401:NE",54.662427,-110.70374,1,2015,"2015"
"AM:401:NW",54.662224,-110.7129,1,2017,"2017"
"AM:401:SE",54.657827,-110.70662,1,2017,"2017"
"AM:401:SW",54.656922,-110.71297,1,2014,"2014"
"AM:403:CT",54.610992,-110.68858,1,2017,"2015"
"AM:403:NE",54.613648,-110.67989,1,NA,NA
"AM:403:NW",54.614084,-110.68495,1,2017,"2014"
"AM:403:SE",54.608119,-110.6804,1,2017,"2014"
"AM:403:SW",54.608253,-110.68923,1,2014,"2015"
"AM:412:CT",57.496453,-111.3596,2,NA,NA
"AM:412:NW",57.498502,-111.36571,2,NA,NA
"AM:412:SW",57.494146,-111.3653,2,NA,NA
"AM:414:CT",57.513788,-111.34433,2,2019,"2019"
"AM:414:NE",57.51591,-111.34007,2,2015,"2015"
"AM:414:NW",57.518273,-111.34637,2,NA,NA
"AM:414:SE",57.51132,-111.3499,2,2016,"2016"
"AM:414:SW",57.51534,-111.35134,2,NA,NA
"AM:420:CT",55.736424,-111.23068,3,NA,NA
"AM:420:NE",55.739182,-111.22592,3,NA,NA
"AM:420:NW",55.73911,-111.23548,3,2014,"2014"
"AM:420:SE",55.733836,-111.22586,3,2014,"2014"
"AM:420:SW",55.733791,-111.23538,3,2014,"2014"
"AM:422:CT",55.751626,-110.53662,4,2014,"2014"
"AM:423:CT",55.816164,-110.57813,4,2016,"2016"
"AM:423:NE",55.818843,-110.57334,4,2016,"2016"
"AM:423:NW",55.818921,-110.5829,4,2016,"2016"
"AM:423:SE",55.813497,-110.57335,4,2015,"2015"
"AM:423:SW",55.81353,-110.58296,4,2015,"2015"
"AM:424:CT",55.833784,-110.84702,4,2015,"2015"
"AM:424:NE",55.836545,-110.8423,4,2014,"2014"
"AM:424:NW",55.836584,-110.85185,4,2017,"2017"
"AM:424:SE",55.83119,-110.84242,4,2014,"2014"
"AM:424:SW",55.831112,-110.85219,4,2015,"2015"
"AM:425:CT",55.92862,-111.14719,5,2017,"2017"
"AM:425:NE",55.931393,-111.14248,5,2015,"2015"
"AM:425:NW",55.931283,-111.15194,5,2017,"2017"
"AM:425:SE",55.926074,-111.14238,5,2017,"2017"
"AM:425:SW",55.9259,-111.15202,5,2017,"2017"
"AM:426:CT",55.889999,-110.52696,4,NA,NA
"AM:426:NE",55.891998,-110.52115,4,2014,"2014"
"AM:426:NW",55.891999,-110.53066,4,NA,NA
"AM:426:SE",55.888943,-110.51869,4,2015,"2015"
"AM:426:SW",55.887133,-110.53173,4,2014,"2014"
"AM:427:CT",56.224053,-110.8471,6,2015,"2015"
"AM:427:NE",56.226769,-110.84226,6,2015,"2015"
"AM:427:NW",56.226754,-110.85188,6,2014,"2014"
"AM:427:SE",56.221342,-110.84222,6,2014,"2014"
"AM:427:SW",56.22139,-110.85193,6,2014,"2014"
"AM:429:CT",56.900088,-111.91977,7,NA,NA
"AM:429:NE",56.902819,-111.9149,7,2014,"2014"
"AM:429:NW",56.902747,-111.92475,7,NA,NA
"AM:429:SE",56.89743,-111.91477,7,NA,NA
"AM:429:SW",56.897357,-111.92462,7,2014,"2014"
"AM:433:CT",56.207259,-110.73888,6,2014,"2014"
"AM:433:NE",56.210161,-110.73474,6,2014,"2014"
"AM:433:NW",56.210054,-110.74367,6,2014,"2014"
"AM:433:SE",56.204553,-110.73405,6,2015,"2015"
"AM:433:SW",56.204573,-110.74367,6,NA,NA
"AM:441:CT",55.159962,-111.76915,8,2014,"2014"
"AM:441:NE",55.162319,-111.76438,8,NA,NA
"AM:441:NW",55.162258,-111.77411,8,2015,"2015"
"AM:441:SE",55.156629,-111.76612,8,2017,"2017"
"AM:441:SW",55.156741,-111.77391,8,2017,"2017"
"AM:442:CT",55.085589,-111.75774,8,2018,"2018"
"AM:442:NE",55.088367,-111.75316,8,2016,"2016"
"AM:442:NW",55.088178,-111.76194,8,2017,"2018"
"AM:442:SE",55.083004,-111.75284,8,2018,"2018"
"AM:442:SW",55.082836,-111.76255,8,2016,"2018"
"RS:26:N",57.454565,-111.16625,2,2017,"2017"
"RS:26:P",57.45649,-111.18339,2,2017,"2017"
"RS:26:Q",57.456815,-111.19456,2,2018,"2017"
"RS:26:R",57.456717,-111.20556,2,2018,"2017"
"RS:26:T",57.458976,-111.16612,2,2019,"2017"
"RS:26:U",57.460741,-111.17618,2,2017,"2018"
"RS:26:V",57.463781,-111.16629,2,2019,"2018"
"RS:26:W",57.467265,-111.17386,2,2017,"2019"
"RS:27:B",57.293979,-111.25569,2,2018,"2018"
"RS:27:E",57.281817,-111.25513,2,2018,"2017"
"RS:27:F",57.307244,-111.23872,2,2019,"2019"
"RS:27:G",57.312059,-111.21901,2,NA,NA
"RS:27:H",57.310039,-111.22377,2,2018,"2018"
"RS:27:I",57.307799,-111.21502,2,NA,NA
"RS:27:J",57.311919,-111.21151,2,2019,"2019"
"Y:200@1:CT",54.628822,-110.73136,1,2015,"2017"
"Y:200@1:NE",54.63144,-110.72689,1,2015,"2013"
"Y:200@1:NW",54.630776,-110.73522,1,2016,"2015"
"Y:200@1:SE",54.626048,-110.72693,1,2013,"2015"
"Y:200@1:SW",54.625931,-110.73486,1,2016,"2017"
"Y:201@1:CT",54.640751,-110.71888,1,2013,"2013"
"Y:201@1:NE",54.643436,-110.71421,1,2013,"2013"
"Y:201@1:NW",54.643457,-110.72351,1,2013,"2013"
"Y:201@1:SW",54.638065,-110.72355,1,2015,"2013"
"Y:207@1:A",54.612745,-110.78367,1,2017,"2019"
"Y:207@1:B",54.615219,-110.77502,1,2015,"2015"
"Y:207@1:C",54.620762,-110.77405,1,2019,"2015"
"Y:207@1:D",54.622615,-110.76557,1,2017,"2015"
"Y:207@1:E",54.623288,-110.75554,1,NA,NA
"Y:214@4:CT",54.55646,-110.2561,9,2013,"2014"
"Y:214@4:NE",54.558575,-110.25223,9,2014,"2014"
"Y:214@4:NW",54.558641,-110.26145,9,2013,"2013"
"Y:214@4:SE",54.553606,-110.25235,9,2013,"2013"
"Y:214@4:SW",54.55324,-110.2616,9,NA,NA
"Y:216@5:CT",54.437185,-110.06426,10,2013,"2015"
"Y:216@5:NE",54.439305,-110.05959,10,2017,"2015"
"Y:216@5:NW",54.439916,-110.06882,10,2015,"2015"
"Y:216@5:SE",54.434464,-110.05991,10,2019,"2015"
"Y:216@5:SW",54.43604,-110.07087,10,2019,"2013"
"Y:217@5:CT",54.439142,-110.08875,10,2013,"2016"
"Y:217@5:NE",54.439996,-110.08276,10,2016,"2019"
"Y:217@5:NW",54.440102,-110.09201,10,2017,"2013"
"Y:217@5:SE",54.435251,-110.08277,10,2016,"2019"
"Y:217@5:SW",54.434612,-110.09229,10,2016,"2013"
"Y:218@5:CT",54.438584,-110.11031,10,2019,"2013"
"Y:218@5:NE",54.441353,-110.10552,10,2015,"2016"
"Y:218@5:NW",54.441457,-110.11479,10,2016,"2014"
"Y:218@5:SE",54.436,-110.10575,10,2014,"2019"
"Y:218@5:SW",54.436129,-110.11505,10,2013,"2014"
"Y:223@6:CT",54.531149,-111.23243,11,2015,"2015"
"Y:223@6:NE",54.532906,-111.23017,11,2017,"2017"
"Y:223@6:NW",54.532922,-111.24035,11,2013,"2013"
"Y:223@6:SE",54.527407,-111.22927,11,2017,"2017"
"Y:223@6:SW",54.527778,-111.23757,11,2013,"2013"
"Y:224@7:CT",57.521311,-111.31485,2,2019,"2019"
"Y:224@7:NE",57.524951,-111.3097,2,2019,"2019"
"Y:224@7:NW",57.524202,-111.3193,2,2018,"2018"
"Y:224@7:SE",57.518638,-111.3097,2,2015,"2015"
"Y:224@7:SW",57.518812,-111.31925,2,2018,"2018"
"Y:229@8:CT",57.587441,-111.4465,2,2013,"2013"
"Y:229@8:NE",57.590252,-111.44167,2,2017,"2017"
"Y:229@8:NW",57.590027,-111.45182,2,2013,"2013"
"Y:229@8:SE",57.5848,-111.44152,2,2013,"2013"
"Y:229@8:SW",57.584728,-111.45148,2,2013,"2013"
"Y:234@24:A",57.420298,-111.55057,2,2015,"2015"
"Y:234@24:B",57.420613,-111.54625,2,2015,"2015"
"Y:234@24:C",57.419253,-111.55529,2,2015,"2015"
"Y:234@24:D",57.423524,-111.5357,2,2015,"2015"
"Y:234@24:E",57.426923,-111.53294,2,2015,"2017"
"Y:235@24:A",57.430139,-111.51556,2,2019,"2015"
"Y:236@10:CT",57.644641,-111.20764,12,2013,"2013"
"Y:236@10:NE",57.64729,-111.20258,12,2015,"2015"
"Y:236@10:NW",57.647273,-111.21263,12,2013,"2013"
"Y:236@10:SE",57.6419,-111.20255,12,2015,"2015"
"Y:236@10:SW",57.641938,-111.21262,12,2013,"2013"
"Y:237@10:CT",57.652873,-111.22622,12,2015,"2015"
"Y:237@10:NE",57.655505,-111.22126,12,2013,"2013"
"Y:237@10:NW",57.655487,-111.23132,12,2013,"2013"
"Y:237@10:SE",57.650115,-111.22123,12,2013,"2013"
"Y:237@10:SW",57.650097,-111.23128,12,2015,"2015"
"Y:238@24:A",57.433172,-111.46314,2,2018,"2018"
"Y:238@24:B",57.4277,-111.46349,2,2018,"2018"
"Y:239@24:A",57.438473,-111.46054,2,2018,"2017"
"Y:239@24:B",57.44237,-111.46819,2,2018,"2018"
"Y:240@11:NE",57.816259,-111.11743,13,2015,"2015"
"Y:240@11:NW",57.816464,-111.12779,13,2015,"2015"
"Y:240@11:SE",57.810887,-111.11748,13,2015,"2015"
"Y:240@11:SW",57.810877,-111.12758,13,2015,"2015"
"Y:241@24:A",57.444553,-111.45084,2,2016,"2016"
"Y:242@24:A",57.441426,-111.43846,2,2018,"2018"
"Y:242@24:B",57.445361,-111.43579,2,2017,"2017"
"Y:242@24:C",57.452474,-111.44647,2,2017,"2017"
"Y:243@24:A",57.457762,-111.40753,2,2016,"2017"
"Y:243@24:B",57.45466,-111.41393,2,2018,"2017"
"Y:243@24:C",57.457677,-111.4223,2,2016,"2017"
"Y:243@24:D",57.460226,-111.41505,2,2016,"2017"
"Y:245@24:G",57.467079,-111.3927,2,2015,"2015"
"Y:245@24:H",57.453673,-111.38809,2,2017,"2017"
"Y:246@24:A",57.434523,-111.48599,2,2017,"2017"
"Y:248@13:CT",54.865996,-111.60934,14,2017,"2013"
"Y:248@13:NE",54.86868,-111.60484,14,2017,"2016"
"Y:248@13:NW",54.869107,-111.61228,14,2016,"2016"
"Y:248@13:SE",54.863415,-111.60466,14,2013,"2013"
"Y:248@13:SW",54.863377,-111.614,14,2015,"2015"
"Y:253@7:NE",57.480754,-111.20068,2,2018,"2017"
"Y:253@7:NW",57.478037,-111.20878,2,2015,"2015"
"Y:253@7:SE",57.473391,-111.2042,2,2015,"2017"
"Y:253@7:SW",57.471476,-111.21611,2,2015,"2015"
"Y:257@15:CT",55.157235,-111.67741,8,2016,"2013"
"Y:257@15:NE",55.159984,-111.6727,8,2019,"2019"
"Y:257@15:NW",55.159904,-111.68212,8,2015,"2019"
"Y:257@15:SE",55.154683,-111.67239,8,2019,"2016"
"Y:257@15:SW",55.154621,-111.68196,8,2014,"2014"
"Y:258@15:CT",55.14241,-111.68441,8,2014,"2017"
"Y:258@15:NE",55.145363,-111.67911,8,2014,"2016"
"Y:258@15:NW",55.145245,-111.68845,8,2019,"2015"
"Y:258@15:SE",55.139801,-111.67909,8,2016,"2014"
"Y:258@15:SW",55.139821,-111.6889,8,2016,"2015"
"Y:260@7:NE",57.478257,-111.1825,2,2018,"2018"
"Y:260@7:NW",57.477622,-111.1925,2,2017,"2017"
"Y:260@7:SE",57.472633,-111.18282,2,2019,"2017"
"Y:260@7:SW",57.472407,-111.19326,2,2018,"2017"
"Y:261@7:NE",57.467358,-111.18445,2,2018,"2017"
"Y:261@7:NW",57.467953,-111.19477,2,2018,"2016"
"Y:261@7:SE",57.461301,-111.18625,2,2019,"2018"
"Y:261@7:SW",57.461611,-111.19494,2,2016,"2017"
"Y:262@7:NE",57.467253,-111.20579,2,2015,"2017"
"Y:262@7:NW",57.467246,-111.21532,2,2015,"2017"
"Y:262@7:SE",57.461612,-111.20592,2,2017,"2017"
"Y:262@7:SW",57.462287,-111.21568,2,2018,"2017"
"Y:263@7:NE",57.456753,-111.21594,2,2019,"2017"
"Y:263@7:NW",57.456755,-111.22541,2,2016,"2016"
"Y:265@23:A",57.371373,-111.2393,2,2018,"2018"
"Y:265@23:B",57.371979,-111.22765,2,2015,"2019"
"Y:265@23:C",57.36511,-111.23067,2,2018,"2019"
"Y:265@23:D",57.363503,-111.2399,2,2019,"2019"
"Y:266@23:A",57.369863,-111.28299,2,2019,"2019"
"Y:266@23:B",57.364407,-111.28454,2,2018,"2018"
"Y:266@23:C",57.370581,-111.29507,2,2015,"2019"
"Y:266@23:D",57.376168,-111.29127,2,2015,"2019"
"Y:267@23:A",57.365731,-111.31321,2,2015,"2015"
"Y:267@23:B",57.35945,-111.31783,2,2018,"2018"
"Y:267@23:C",57.363186,-111.31078,2,2015,"2015"
"Y:267@23:D",57.359788,-111.32603,2,2015,"2015"
"Y:268@23:A",57.345268,-111.29092,2,2018,"2018"
"Y:268@23:B",57.345087,-111.28346,2,2018,"2018"
"Y:268@23:C",57.348392,-111.28794,2,2015,"2015"
"Y:268@23:D",57.349166,-111.29893,2,2019,"2019"
"Y:273@19:CT",55.725324,-111.11293,3,2015,"2015"
"Y:273@19:NE",55.728424,-111.10888,3,2013,"2013"
"Y:273@19:NW",55.727988,-111.11735,3,2016,"2016"
"Y:273@19:SE",55.72392,-111.10836,3,2015,"2015"
"Y:273@19:SW",55.723024,-111.11841,3,2015,"2015"
"Y:274@19:CT",55.736464,-111.11098,3,2013,"2013"
"Y:274@19:NE",55.740547,-111.10732,3,2016,"2013"
"Y:274@19:NW",55.741608,-111.11689,3,2016,"2016"
"Y:274@19:SE",55.734976,-111.10727,3,2013,"2013"
"Y:274@19:SW",55.734636,-111.11624,3,2015,"2015"
"Y:276@20:CT",55.721518,-111.00011,3,2015,"2015"
"Y:276@20:NE",55.724007,-110.994,3,2017,"2017"
"Y:276@20:NW",55.723297,-111.00244,3,2017,"2017"
"Y:276@20:SE",55.719604,-110.99273,3,2013,"2013"
"Y:276@20:SW",55.719604,-111.00307,3,2017,"2017"
"Y:277@20:CT",55.724678,-110.97403,3,2015,"2015"
"Y:277@20:NE",55.727373,-110.96925,3,2013,"2013"
"Y:277@20:NW",55.727312,-110.97881,3,2015,"2015"
"Y:277@20:SE",55.721981,-110.96926,3,2013,"2013"
"Y:277@20:SW",55.722114,-110.97875,3,2015,"2015"
"Y:280@21:CT",56.01044,-110.7979,15,2013,"2013"
"Y:280@21:NE",56.013065,-110.79298,15,2016,"2016"
"Y:280@21:NW",56.01309,-110.80259,15,2016,"2016"
"Y:280@21:SE",56.007836,-110.79326,15,2016,"2016"
"Y:280@21:SW",56.007707,-110.80242,15,2016,"2016"
"Y:281@21:CT",56.008522,-110.8178,15,2016,"2013"
"Y:281@21:NE",56.011013,-110.81358,15,2013,"2016"
"Y:281@21:NW",56.011224,-110.8226,15,2016,"2013"
"Y:281@21:SE",56.005819,-110.813,15,2014,"2014"
"Y:281@21:SW",56.005833,-110.82262,15,2017,"2013"
"Y:282@23:A",57.35653,-111.25029,2,2015,"2019"
"Y:282@23:B",57.35246,-111.255,2,2019,"2019"
"Y:282@23:D",57.355509,-111.26604,2,2018,"2018"
"Y:287@22:CT",56.570422,-111.25267,16,2015,"2013"
"Y:287@22:NE",56.572341,-111.24743,16,2013,"2013"
"Y:287@22:NW",56.571903,-111.25759,16,2015,"2013"
"Y:287@22:SE",56.567023,-111.24745,16,2015,"2013"
"Y:287@22:SW",56.567003,-111.25721,16,2013,"2013"
"Y:288@23:CT",57.314824,-111.35739,2,2015,"2015"
"Y:288@23:NE",57.317568,-111.35249,2,2019,"2019"
"Y:288@23:NW",57.317486,-111.36243,2,2015,"2015"
"Y:288@23:SE",57.312152,-111.3524,2,2014,"2014"
"Y:288@23:SW",57.312114,-111.36233,2,2014,"2014"
"Y:290@23:CT",57.342613,-111.34281,2,2019,"2019"
"Y:290@23:NE",57.344772,-111.33826,2,2014,"2014"
"Y:290@23:NW",57.344151,-111.3454,2,2019,"2019"
"Y:290@23:SE",57.339805,-111.33803,2,2014,"2014"
"Y:290@23:SW",57.339787,-111.348,2,2018,"2018"
"Y:291@23:CT",57.341904,-111.32227,2,2018,"2018"
"Y:291@23:NE",57.344602,-111.31722,2,2019,"2019"
"Y:291@23:NW",57.344478,-111.32734,2,2016,"2016"
"Y:291@23:SE",57.339213,-111.31721,2,2018,"2018"
"Y:291@23:SW",57.339187,-111.32716,2,2014,"2014"
"Y:293@23:CT",57.330598,-111.34442,2,2014,"2014"
"Y:293@23:NE",57.333342,-111.33948,2,2018,"2018"
"Y:293@23:NW",57.333279,-111.34948,2,2019,"2019"
"Y:293@23:SE",57.327953,-111.3394,2,2014,"2014"
"Y:293@23:SW",57.327908,-111.34931,2,2018,"2018"
"Y:294@24:CT",57.434713,-111.51803,2,2014,"2015"
"Y:294@24:NE",57.437522,-111.51267,2,2015,"2017"
"Y:294@24:NW",57.436843,-111.52278,2,2013,"2016"
"Y:294@24:SE",57.432334,-111.51265,2,2013,"2017"
"Y:294@24:SW",57.43229,-111.52288,2,2015,"2016"
"Y:295@24:CT",57.434125,-111.50065,2,2014,"2016"
"Y:295@24:NE",57.436952,-111.49584,2,2016,"2017"
"Y:295@24:NW",57.436799,-111.50568,2,2016,"2017"
"Y:295@24:SE",57.43145,-111.49561,2,2014,"2017"
"Y:295@24:SW",57.43141,-111.50561,2,2014,"2015"
"Y:296@24:CT",57.438344,-111.45138,2,2016,"2017"
"Y:296@24:NE",57.441428,-111.44804,2,2013,"2013"
"Y:296@24:NW",57.441296,-111.45641,2,2017,"2017"
"Y:296@24:SE",57.436608,-111.44541,2,2018,"2018"
"Y:296@24:SW",57.43635,-111.45691,2,2014,"2014"
"Y:297@24:CT",57.451236,-111.42766,2,2015,"2017"
"Y:297@24:NE",57.453948,-111.42269,2,2013,"2014"
"Y:297@24:NW",57.453914,-111.43269,2,2013,"2013"
"Y:297@24:SE",57.448558,-111.42263,2,2014,"2014"
"Y:297@24:SW",57.448525,-111.43263,2,2017,"2014"
"Y:298@24:CT",57.458764,-111.39761,2,2015,"2017"
"Y:298@24:NE",57.461385,-111.3924,2,2016,"2017"
"Y:298@24:NW",57.461442,-111.40264,2,2016,"2017"
"Y:298@24:SE",57.456084,-111.39258,2,2016,"2016"
"Y:298@24:SW",57.456053,-111.40258,2,2018,"2017"
"Y:299@24:CT",57.477021,-111.4021,2,2017,"2017"
"Y:299@24:NE",57.479713,-111.39711,2,2014,"2014"
"Y:299@24:NW",57.479699,-111.40714,2,2014,"2014"
"Y:299@24:SE",57.474324,-111.39701,2,2018,"2017"
"Y:299@24:SW",57.47431,-111.40698,2,2019,"2019"
"Y:300@25:CT",57.449016,-111.20157,2,2019,"2017"
"Y:300@25:NE",57.451772,-111.19697,2,2017,"2017"
"Y:300@25:NW",57.451729,-111.20693,2,2017,"2017"
"Y:300@25:SE",57.446355,-111.19684,2,2017,"2017"
"Y:300@25:SW",57.446375,-111.20677,2,2017,"2017"
"Y:301@25:CT",57.432376,-111.20896,2,2015,"2015"
"Y:301@25:NE",57.435007,-111.20419,2,2015,"2015"
"Y:301@25:NW",57.435027,-111.21413,2,2019,"2019"
"Y:301@25:SE",57.429618,-111.20414,2,2017,"2017"
"Y:301@25:SW",57.429601,-111.21425,2,2014,"2013"
"Y:302@25:CT",57.410525,-111.19176,2,2013,"2016"
"Y:302@25:F",57.416944,-111.19195,2,2017,"2017"
"Y:302@25:NE",57.413208,-111.18726,2,2014,"2016"
"Y:302@25:NW",57.413032,-111.19604,2,2013,"2016"
"Y:302@25:SE",57.407903,-111.18976,2,2018,"2016"
"Y:302@25:SW",57.407631,-111.19616,2,2014,"2013"
"Y:303@25:CT",57.435968,-111.23051,2,2016,"2016"
"Y:303@25:NE",57.438798,-111.22528,2,2016,"2016"
"Y:303@25:NW",57.438833,-111.23551,2,2019,"2019"
"Y:303@25:SE",57.433417,-111.22543,2,2016,"2016"
"Y:303@25:SW",57.433435,-111.23538,2,2016,"2016"
"Y:304@25:A",57.424413,-111.18881,2,2017,"2017"
"Y:304@25:CT",57.421347,-111.20245,2,2014,"2014"
"Y:304@25:NE",57.424171,-111.19751,2,2019,"2013"
"Y:304@25:NW",57.423964,-111.20688,2,2015,"2013"
"Y:304@25:SE",57.418542,-111.19807,2,2015,"2013"
"Y:304@25:SW",57.418601,-111.20735,2,2018,"2016"
"Y:305@25:CT",57.395722,-111.21152,2,2018,"2018"
"Y:305@25:NE",57.397917,-111.20939,2,2018,"2018"
"Y:305@25:NW",57.398358,-111.21943,2,2013,"2018"
"Y:308@26:CT",55.612809,-110.80438,3,2014,"2014"
"Y:308@26:NE",55.614113,-110.79944,3,2013,"2013"
"Y:308@26:NW",55.615422,-110.80888,3,2013,"2013"
"Y:308@26:SE",55.610196,-110.79971,3,2014,"2014"
"Y:308@26:SW",55.610255,-110.80884,3,2014,"2014"
"Y:313@27:CT",56.277118,-110.85675,6,2017,"2017"
"Y:313@27:NE",56.279808,-110.8519,6,2017,"2017"
"Y:313@27:NW",56.279819,-110.86159,6,2017,"2017"
"Y:313@27:SE",56.274417,-110.85192,6,2017,"2017"
"Y:313@27:SW",56.274428,-110.86161,6,2017,"2017"
"Y:317@27:CT",56.24791,-110.98365,6,2017,"2017"
"Y:317@27:NE",56.250605,-110.97881,6,2017,"2017"
"Y:317@27:NW",56.250606,-110.98849,6,2017,"2017"
"Y:317@27:SE",56.245214,-110.97881,6,2017,"2017"
"Y:317@27:SW",56.245215,-110.98849,6,2017,"2017"
"Y:318@27:CT",56.291603,-110.98825,6,2017,"2017"
"Y:318@27:NE",56.294288,-110.98341,6,2017,"2017"
"Y:318@27:NW",56.294298,-110.9931,6,2017,"2017"
"Y:318@27:SE",56.288907,-110.98341,6,2017,"2017"
"Y:318@27:SW",56.288908,-110.9931,6,2017,"2017"
"Y:319@27:CT",56.330162,-110.94582,6,2017,"2017"
"Y:319@27:NE",56.332855,-110.94097,6,2017,"2017"
"Y:319@27:NW",56.332859,-110.95067,6,2017,"2017"
"Y:319@27:SE",56.327464,-110.94098,6,2017,"2017"
"Y:319@27:SW",56.327468,-110.95068,6,2017,"2017"
"Y:322@25:SW",57.436394,-111.18481,2,2018,"2018"
"Y:323@25:CT",57.439185,-111.20346,2,2017,"2017"
"Y:323@25:NE",57.440928,-111.19776,2,2015,"2017"
"Y:323@25:NW",57.440898,-111.20562,2,2018,"2018"
"Y:323@25:SE",57.437038,-111.1982,2,2017,"2017"
"Y:323@25:SW",57.43808,-111.20945,2,2017,"2017"
"Y:324@25:CT",57.431518,-111.1893,2,2018,"2018"
"Y:324@25:NE",57.436223,-111.18484,2,2015,"2015"
"Y:324@25:NW",57.433588,-111.19294,2,2018,"2018"
"Y:324@25:SE",57.427111,-111.18693,2,2015,"2015"
"Y:324@25:SW",57.428035,-111.19361,2,2015,"2015"
"Y:328@30:CT",55.865935,-110.71663,4,2017,"2017"
"Y:328@30:NE",55.868334,-110.71256,4,2015,"2015"
"Y:328@30:NW",55.868633,-110.72138,4,2015,"2015"
"Y:328@30:SE",55.863264,-110.71181,4,2017,"2017"
"Y:328@30:SW",55.863287,-110.72149,4,2017,"2017"
"Y:329@30:CT",55.861026,-110.68585,4,2015,"2015"
"Y:329@30:NE",55.863523,-110.68166,4,2017,"2017"
"Y:329@30:NW",55.863725,-110.6907,4,2014,"2014"
"Y:329@30:SE",55.858301,-110.68106,4,2015,"2015"
"Y:329@30:SW",55.858352,-110.69068,4,2016,"2016"
"Y:330@31:CT",55.914698,-110.62592,4,2017,"2017"
"Y:330@31:NE",55.917183,-110.6217,4,2013,"2013"
"Y:330@31:NW",55.917408,-110.63069,4,2015,"2015"
"Y:330@31:SE",55.911984,-110.62136,4,2015,"2015"
"Y:330@31:SW",55.912017,-110.63074,4,2017,"2017"
"Y:331@31:CT",55.915868,-110.54873,4,2013,"2013"
"Y:331@31:NE",55.91854,-110.54484,4,2017,"2017"
"Y:331@31:NW",55.918575,-110.55439,4,2016,"2016"
"Y:331@31:SE",55.913149,-110.54485,4,2013,"2013"
"Y:331@31:SW",55.912743,-110.55658,4,2013,"2013"
"Y:333@31:CT",55.900848,-110.5619,4,2017,"2013"
"Y:333@31:NE",55.90333,-110.55768,4,2015,"2013"
"Y:333@31:NW",55.90356,-110.56667,4,2017,"2017"
"Y:333@31:SE",55.898135,-110.55714,4,2013,"2013"
"Y:333@31:SW",55.898169,-110.56673,4,2017,"2017"
"Y:341@25:CT",57.424323,-111.22571,2,2014,"2014"
"Y:341@25:NE",57.426234,-111.22003,2,2018,"2018"
"Y:341@25:NW",57.426374,-111.23039,2,2018,"2018"
"Y:341@25:SE",57.421713,-111.22172,2,2015,"2015"
"Y:341@25:SW",57.420847,-111.23013,2,2014,"2014"
"Y:342@25:A",57.413563,-111.20575,2,2016,"2016"
"Y:342@25:CT",57.405389,-111.20673,2,2014,"2015"
"Y:342@25:NE",57.408018,-111.19992,2,2016,"2016"
"Y:342@25:NW",57.407765,-111.21043,2,2015,"2015"
"Y:342@25:SE",57.402151,-111.19967,2,2014,"2014"
"Y:343@25:A",57.405401,-111.19205,2,2017,"2017"
"Y:343@25:CT",57.401176,-111.18967,2,2015,"2014"
"Y:343@25:NE",57.400332,-111.18788,2,2014,"2014"
"Y:343@25:NW",57.403856,-111.19748,2,2014,"2014"
"Y:343@25:SW",57.398543,-111.18835,2,2015,"2015"
"Y:344@25:CT",57.365759,-111.09809,2,2018,"2018"
"Y:344@25:NE",57.368036,-111.09311,2,2018,"2018"
"Y:344@25:NW",57.370157,-111.10287,2,2014,"2014"
"Y:344@25:SE",57.362916,-111.09308,2,2014,"2014"
"Y:344@25:SW",57.362944,-111.10338,2,2014,"2014"
"Y:346@25:NW",57.293037,-111.22189,2,2014,"2014"
"Y:346@25:SW",57.287397,-111.22135,2,2019,"2019"
"Y:350@24:CT",57.434436,-111.47702,2,2017,"2015"
"Y:350@24:NE",57.436777,-111.4721,2,2016,"2016"
"Y:350@24:NW",57.436895,-111.48061,2,2017,"2015"
"Y:350@24:SE",57.431396,-111.47203,2,2016,"2016"
"Y:350@24:SW",57.431446,-111.4835,2,2015,"2015"
"Y:352@23:CT",57.328916,-111.32142,2,2014,"2014"
"Y:352@23:NE",57.331405,-111.31789,2,2018,"2018"
"Y:352@23:NW",57.331433,-111.3279,2,2014,"2014"
"Y:352@23:SE",57.326006,-111.31776,2,2015,"2015"
"Y:352@23:SW",57.326025,-111.32772,2,2015,"2015"
"Y:353@24:I",57.505173,-111.35716,2,2015,"2015"
"Y:353@24:J",57.499956,-111.35985,2,2015,"2015"
"Y:372@16:A",54.530624,-111.13395,11,2016,"2016"
"Y:372@16:B",54.532343,-111.14679,11,2015,"2015"
"Y:372@16:C",54.538602,-111.14428,11,2016,"2016"
"Y:372@16:D",54.542635,-111.13808,11,2015,"2016"
"Y:372@16:E",54.539774,-111.1245,11,2017,"2017"
"Y:381@19:CT",56.012172,-110.83199,15,2015,"2017"
"Y:381@19:NE",56.014574,-110.82791,15,2019,"2015"
"Y:381@19:NW",56.01491,-110.83713,15,2017,"2016"
"Y:381@19:SE",56.009335,-110.82722,15,2014,"2015"
"Y:381@19:SW",56.01118,-110.83618,15,2014,"2014"
"Y:391@14:CT",55.118245,-111.75491,8,2014,"2014"
"Y:391@14:NE",55.120961,-111.75027,8,2017,"2017"
"Y:391@14:NW",55.120858,-111.75971,8,2016,"2016"
"Y:391@14:SE",55.116002,-111.7501,8,2014,"2014"
"Y:391@14:SW",55.115584,-111.75957,8,2014,"2014"
"Y:397@37:A",55.042443,-112.10647,17,2015,"2015"
"Y:397@37:B",55.041677,-112.11456,17,2017,"2017"
"Y:397@37:C",55.036344,-112.11373,17,2016,"2016"
"Y:397@37:D",55.045915,-112.11371,17,2015,"2015"
"Y:397@37:E",55.041056,-112.12344,17,2017,"2017"
"Y:399@13:A",54.855008,-111.54484,14,2016,"2016"
"Y:399@13:B",54.850499,-111.54011,14,2015,"2015"
"Y:399@13:C",54.851339,-111.54727,14,2016,"2016"
"Y:399@13:D",54.84944,-111.55576,14,2015,"2015"
"Y:412@39:A",54.96463,-111.85257,18,2015,"2015"
"Y:412@39:B",54.971146,-111.8515,18,2018,"2018"
"Y:412@39:C",54.976455,-111.85335,18,2017,"2017"
"Y:412@39:D",54.967515,-111.8415,18,2017,"2017"
"Y:412@39:E",54.96793,-111.83222,18,2018,"2018"
"Y:414@39:A",54.98038,-111.83628,18,2015,"2015"
"Y:414@39:B",54.983945,-111.83014,18,2015,"2015"
"Y:414@39:C",54.975167,-111.8205,18,2016,"2016"
"Y:414@39:E",54.984761,-111.82116,18,2015,"2015"
"Y:416@39:C",54.948935,-111.76963,18,2016,"2016"
"Y:416@39:D",54.942722,-111.77293,18,2016,"2016"
"Y:416@39:E",54.945984,-111.76734,18,2015,"2015"
"Y:421@58:A",54.749331,-112.35655,19,2019,"2019"
"Y:421@58:B",54.754204,-112.36921,19,2018,"2019"
"Y:421@58:C",54.748557,-112.36704,19,2016,"2016"
"Y:421@58:D",54.743441,-112.37517,19,2018,"2015"
"Y:421@58:E",54.74025,-112.3926,19,2019,"2019"
"Y:458@50:CT",55.674169,-110.88983,3,2017,"2017"
"Y:458@50:NE",55.675881,-110.88454,3,2016,"2016"
"Y:458@50:NW",55.676645,-110.89491,3,2015,"2015"
"Y:458@50:SE",55.671029,-110.88527,3,2017,"2017"
"Y:458@50:SW",55.67164,-110.89518,3,2015,"2015"
"Y:463@50:A",55.696081,-110.88577,3,2016,"2016"
"Y:463@50:B",55.698391,-110.89649,3,2015,"2015"
"Y:463@50:C",55.693708,-110.89419,3,2015,"2015"
"Y:463@50:D",55.68929,-110.89761,3,2015,"2015"
"Y:463@50:E",55.683416,-110.8902,3,2016,"2016"
"Y:464@21:A",56.024152,-110.88097,15,2015,"2015"
"Y:464@21:B",56.023613,-110.87213,15,2015,"2015"
"Y:464@21:C",56.022237,-110.86278,15,2015,"2015"
"Y:464@21:D",56.027502,-110.86283,15,2017,"2016"
"Y:464@21:E",56.015233,-110.86655,15,2015,"2015"
"Y:467@53:A",56.025843,-113.32228,20,2016,"2015"
"Y:467@53:B",56.028902,-113.31415,20,2017,"2015"
"Y:467@53:C",56.028836,-113.32198,20,2016,"2016"
"Y:467@53:D",56.03232,-113.32216,20,2015,"2015"
"Y:467@53:E",56.028643,-113.32887,20,2016,"2016"
"Y:473@55:CT",55.94719,-113.83117,21,2017,"2017"
"Y:473@55:NE",55.951438,-113.82977,21,2015,"2017"
"Y:473@55:NW",55.948345,-113.8376,21,2017,"2017"
"Y:473@55:SE",55.946954,-113.8234,21,2015,"2017"
